,country,iso_code,year,crop,production_mt
0,Canada,CAN,2023,corn,15420909.0
1,Canada,CAN,2023,wheat,33413600.0
2,United States,USA,2023,corn,389667616.62399995
3,United States,USA,2023,wheat,49095183.501
4,Canada,CAN,2022,corn,14538878.0
5,Canada,CAN,2022,wheat,34878782.0
6,United States,USA,2022,corn,346739868.0372
7,United States,USA,2022,wheat,44897764.1515
8,Canada,CAN,2021,corn,14610792.0
9,Canada,CAN,2021,wheat,22422100.0
10,United States,USA,2021,corn,381469836.5456
11,United States,USA,2021,wheat,44803625.737
12,Canada,CAN,2020,corn,13563300.0
13,Canada,CAN,2020,wheat,35437200.0
14,United States,USA,2020,corn,357819058.63879997
15,United States,USA,2020,wheat,49523310.5315
16,Canada,CAN,2019,corn,13403900.0
17,Canada,CAN,2019,wheat,32669800.0
18,United States,USA,2019,corn,344651254.36719996
19,United States,USA,2019,wheat,52580808.6635
20,Canada,CAN,2018,corn,13884800.0
21,Canada,CAN,2018,wheat,32351900.0
22,United States,USA,2018,corn,363787705.6088
23,United States,USA,2018,wheat,51311042.2955
24,Canada,CAN,2017,corn,14095500.0
25,Canada,CAN,2017,wheat,30377300.0
26,United States,USA,2017,corn,371096469.0884
27,United States,USA,2017,wheat,47379736.105
28,Canada,CAN,2016,corn,13889000.0
29,Canada,CAN,2016,wheat,32139900.0
30,United States,USA,2016,corn,384778342.8456
31,United States,USA,2016,wheat,62831417.8765
32,Canada,CAN,2015,corn,13679500.0
33,Canada,CAN,2015,wheat,27647400.0
34,United States,USA,2015,corn,345506207.9568
35,United States,USA,2015,wheat,56116700.8545
36,Canada,CAN,2014,corn,11606400.0
37,Canada,CAN,2014,wheat,29442100.0
38,United States,USA,2014,corn,361136277.55039996
39,United States,USA,2014,wheat,55147039.805
40,Canada,CAN,2013,corn,14190700.0
41,Canada,CAN,2013,wheat,37589100.0
42,United States,USA,2013,corn,351316478.44479996
43,United States,USA,2013,wheat,58104520.9745
44,Canada,CAN,2012,corn,13060100.0
45,Canada,CAN,2012,wheat,27246000.0
46,United States,USA,2012,corn,273192725.53319997
47,United States,USA,2012,wheat,61297661.1585
48,Canada,CAN,2011,corn,11358700.0
49,Canada,CAN,2011,wheat,25288000.0
50,United States,USA,2011,corn,312789259.1472
51,United States,USA,2011,wheat,54243512.4205
52,Canada,CAN,2010,corn,12043300.0
53,Canada,CAN,2010,wheat,23299600.0
54,United States,USA,2010,corn,315618292.39599997
55,United States,USA,2010,wheat,58867752.4565
56,Canada,CAN,2009,corn,9796200.0
57,Canada,CAN,2009,wheat,26949900.0
58,United States,USA,2009,corn,331921442.98719996
59,United States,USA,2009,wheat,60116807.829
60,Canada,CAN,2008,corn,10642800.0
61,Canada,CAN,2008,wheat,28619200.0
62,United States,USA,2008,corn,305911808.04359996
63,United States,USA,2008,wheat,68362505.588
64,Canada,CAN,2007,corn,11648700.0
65,Canada,CAN,2007,wheat,20090400.0
66,United States,USA,2007,corn,331177670.45
67,United States,USA,2007,wheat,55821385.464
68,Canada,CAN,2006,corn,8989800.0
69,Canada,CAN,2006,wheat,25265400.0
70,United States,USA,2006,corn,267503161.5476
71,United States,USA,2006,wheat,49216945.648
72,Canada,CAN,2005,corn,9332200.0
73,Canada,CAN,2005,wheat,25748100.0
74,United States,USA,2005,corn,282262884.4244
75,United States,USA,2005,wheat,57243041.5375
76,Canada,CAN,2004,corn,8836800.0
77,Canada,CAN,2004,wheat,24795500.0
78,United States,USA,2004,corn,299875924.0972
79,United States,USA,2004,wheat,58698118.245
80,Canada,CAN,2003,corn,9587300.0
81,Canada,CAN,2003,wheat,23048600.0
82,United States,USA,2003,corn,256229321.5504
83,United States,USA,2003,wheat,63804426.4325
84,Canada,CAN,2002,corn,8998800.0
85,Canada,CAN,2002,wheat,15961300.0
86,United States,USA,2002,corn,227767149.94439998
87,United States,USA,2002,wheat,43704772.709
88,Canada,CAN,2001,corn,8389200.0
89,Canada,CAN,2001,wheat,20630200.0
90,United States,USA,2001,corn,241376935.096
91,United States,USA,2001,wheat,53000907.1215
92,Canada,CAN,2000,corn,6953700.0
93,Canada,CAN,2000,wheat,26535500.0
94,United States,USA,2000,corn,251854193.4612
95,United States,USA,2000,wheat,60640488.48
96,Canada,CAN,1999,corn,9161300.0
97,Canada,CAN,1999,wheat,26959900.0
98,United States,USA,1999,corn,239548861.5344
99,United States,USA,1999,wheat,62474813.18
100,Canada,CAN,1998,corn,8952400.0
101,Canada,CAN,1998,wheat,24082300.0
102,United States,USA,1998,corn,247882309.422
103,United States,USA,1998,wheat,69326614.6755
104,Canada,CAN,1997,corn,7179800.0
105,Canada,CAN,1997,wheat,24299400.0
106,United States,USA,1997,corn,233864580.9984
107,United States,USA,1997,wheat,67534337.923
108,Canada,CAN,1996,corn,7541700.0
109,Canada,CAN,1996,wheat,29801400.0
110,United States,USA,1996,corn,234518026.86839998
111,United States,USA,1996,wheat,61980253.114
112,Canada,CAN,1995,corn,7280900.0
113,Canada,CAN,1995,wheat,24989400.0
114,United States,USA,1995,corn,187970175.4612
115,United States,USA,1995,wheat,59403489.574
116,Canada,CAN,1994,corn,7189900.0
117,Canada,CAN,1994,wheat,22919500.0
118,United States,USA,1994,corn,255295268.62399998
119,United States,USA,1994,wheat,63166658.4055
120,Canada,CAN,1993,corn,6755200.0
121,Canada,CAN,1993,wheat,27225900.0
122,United States,USA,1993,corn,160985947.276
123,United States,USA,1993,wheat,65220312.82
124,Canada,CAN,1992,corn,4882600.0
125,Canada,CAN,1992,wheat,29877200.0
126,United States,USA,1992,corn,240719501.2376
127,United States,USA,1992,wheat,67135140.969
128,Canada,CAN,1991,corn,7412500.0
129,Canada,CAN,1991,wheat,31945600.0
130,United States,USA,1991,corn,189868000.718
131,United States,USA,1991,wheat,53890472.9545
132,Canada,CAN,1990,corn,7066600.0
133,Canada,CAN,1990,wheat,32098300.0
134,United States,USA,1990,corn,201533832.0336
135,United States,USA,1990,wheat,74292273.159
136,Canada,CAN,1989,corn,6570900.0
137,Canada,CAN,1989,wheat,24796200.0
138,United States,USA,1989,corn,191320644.5436
139,United States,USA,1989,wheat,55427577.179
140,Canada,CAN,1988,corn,5449500.0
141,Canada,CAN,1988,wheat,15912700.0
142,United States,USA,1988,corn,125194411.81719999
143,United States,USA,1988,wheat,49319956.3155
144,Canada,CAN,1987,corn,7064700.0
145,Canada,CAN,1987,wheat,25945300.0
146,United States,USA,1987,corn,181143577.56
147,United States,USA,1987,wheat,57361701.1175
148,Canada,CAN,1986,corn,5911700.0
149,Canada,CAN,1986,wheat,31359300.0
150,United States,USA,1986,corn,208944276.5168
151,United States,USA,1986,wheat,56895907.835
152,Canada,CAN,1985,corn,6969900.0
153,Canada,CAN,1985,wheat,24252200.0
154,United States,USA,1985,corn,225447156.74359998
155,United States,USA,1985,wheat,65973501.7825
156,Canada,CAN,1984,corn,6777500.0
157,Canada,CAN,1984,wheat,21187900.0
158,United States,USA,1984,corn,194881308.556
159,United States,USA,1984,wheat,70618153.4435
160,Canada,CAN,1983,corn,5930800.0
161,Canada,CAN,1983,wheat,26464200.0
162,United States,USA,1983,corn,106030984.50119999
163,United States,USA,1983,wheat,65856720.072
164,Canada,CAN,1982,corn,6522300.0
165,Canada,CAN,1982,wheat,26714750.0
166,United States,USA,1982,corn,209181447.5212
167,United States,USA,1982,wheat,75249959.3885
168,Canada,CAN,1981,corn,6682600.0
169,Canada,CAN,1981,wheat,24802200.0
170,United States,USA,1981,corn,206223452.38
171,United States,USA,1981,wheat,75804883.4335
172,Canada,CAN,1980,corn,5753200.0
173,Canada,CAN,1980,wheat,19291400.0
174,United States,USA,1980,corn,168648625.6752
175,United States,USA,1980,wheat,64798309.277
176,Canada,CAN,1979,corn,5276100.0
177,Canada,CAN,1979,wheat,17196300.0
178,United States,USA,1979,corn,201384244.36679998
179,United States,USA,1979,wheat,58079509.93
180,Canada,CAN,1978,corn,4479800.0
181,Canada,CAN,1978,wheat,21135600.0
182,United States,USA,1978,corn,184614067.31239998
183,United States,USA,1978,wheat,48321773.422
184,Canada,CAN,1977,corn,4248800.0
185,Canada,CAN,1977,wheat,19858700.0
186,United States,USA,1977,corn,165235847.4492
187,United States,USA,1977,wheat,55670040.0685
188,Canada,CAN,1976,corn,3759200.0
189,Canada,CAN,1976,wheat,23586674.0
190,United States,USA,1976,corn,159752439.60279998
191,United States,USA,1976,wheat,58480122.09
192,Canada,CAN,1975,corn,3644700.0
193,Canada,CAN,1975,wheat,17081600.0
194,United States,USA,1975,corn,148362236.70839998
195,United States,USA,1975,wheat,57885381.7685
196,Canada,CAN,1974,corn,2620100.0
197,Canada,CAN,1974,wheat,13302300.0
198,United States,USA,1974,corn,119421252.4824
199,United States,USA,1974,wheat,48495789.329
200,Canada,CAN,1973,corn,2879700.0
201,Canada,CAN,1973,wheat,16160350.0
202,United States,USA,1973,corn,144042889.6544
203,United States,USA,1973,wheat,46559923.5985
204,Canada,CAN,1972,corn,2566800.0
205,Canada,CAN,1972,wheat,14514450.0
206,United States,USA,1972,corn,141734428.5984
207,United States,USA,1972,wheat,42080851.0395
208,Canada,CAN,1971,corn,2941500.0
209,Canada,CAN,1971,wheat,14411900.0
210,United States,USA,1971,corn,143421779.512
211,United States,USA,1971,wheat,44051988.058
212,Canada,CAN,1970,corn,2633800.0
213,Canada,CAN,1970,wheat,9023050.0
214,United States,USA,1970,corn,105471954.8916
215,United States,USA,1970,wheat,36783326.749
216,Canada,CAN,1969,corn,1883200.0
217,Canada,CAN,1969,wheat,18267950.0
218,United States,USA,1969,corn,119056872.2684
219,United States,USA,1969,wheat,39263230.3245
220,Canada,CAN,1968,corn,2076800.0
221,Canada,CAN,1968,wheat,17690400.0
222,United States,USA,1968,corn,113023706.25039999
223,United States,USA,1968,wheat,42364599.8425
224,Canada,CAN,1967,corn,1882800.0
225,Canada,CAN,1967,wheat,16136450.0
226,United States,USA,1967,corn,123459281.2464
227,United States,USA,1967,wheat,41030033.369
228,Canada,CAN,1966,corn,1685600.0
229,Canada,CAN,1966,wheat,22516850.0
230,United States,USA,1966,corn,105862244.32959999
231,United States,USA,1966,wheat,35513206.5795
232,Canada,CAN,1965,corn,1511800.0
233,Canada,CAN,1965,wheat,17673950.0
234,United States,USA,1965,corn,104217745.2404
235,United States,USA,1965,wheat,35804793.4465
236,Canada,CAN,1964,corn,1342200.0
237,Canada,CAN,1964,wheat,16348800.0
238,United States,USA,1964,corn,88504207.3036
239,United States,USA,1964,wheat,34927583.4505
240,Canada,CAN,1963,corn,919600.0
241,Canada,CAN,1963,wheat,19689650.0
242,United States,USA,1963,corn,102093468.28559999
243,United States,USA,1963,wheat,31211306.9255
244,Canada,CAN,1962,corn,848400.0
245,Canada,CAN,1962,wheat,15393450.0
246,United States,USA,1962,corn,91604626.9732
247,United States,USA,1962,wheat,29718182.949
248,Canada,CAN,1961,corn,742100.0
249,Canada,CAN,1961,wheat,7713950.0
250,United States,USA,1961,corn,91388513.56359999
251,United States,USA,1961,wheat,33539266.3645
252,Canada,CAN,1960,corn,662500.0
253,Canada,CAN,1960,wheat,14107400.0
254,United States,USA,1960,corn,99241192.93879999
255,United States,USA,1960,wheat,36869082.7895
256,Canada,CAN,1959,corn,784800.0
257,Canada,CAN,1959,wheat,12112150.0
258,United States,USA,1959,corn,97149378.71759999
259,United States,USA,1959,wheat,30419716.892500002
260,Canada,CAN,1958,corn,756400.0
261,Canada,CAN,1958,wheat,10834300.0
262,United States,USA,1958,corn,85251634.446
263,United States,USA,1958,wheat,39664822.2425
264,Canada,CAN,1957,corn,750100.0
265,Canada,CAN,1957,wheat,10687000.0
266,United States,USA,1957,corn,77355671.426
267,United States,USA,1957,wheat,26010941.97
268,Canada,CAN,1956,corn,706500.0
269,Canada,CAN,1956,wheat,15595500.0
270,United States,USA,1956,corn,78117224.80319999
271,United States,USA,1956,wheat,27362382.0535
272,Canada,CAN,1955,corn,902800.0
273,Canada,CAN,1955,wheat,14129200.0
274,United States,USA,1955,corn,72976606.15079999
275,United States,USA,1955,wheat,25503481.757
276,Canada,CAN,1954,corn,631900.0
277,Canada,CAN,1954,wheat,9035200.0
278,United States,USA,1954,corn,68784239.6956
279,United States,USA,1954,wheat,26777330.45
280,Canada,CAN,1953,corn,586400.0
281,Canada,CAN,1953,wheat,17256300.0
282,United States,USA,1953,corn,73201203.5612
283,United States,USA,1953,wheat,31925713.8005
284,Canada,CAN,1952,corn,538000.0
285,Canada,CAN,1952,wheat,19105400.0
286,United States,USA,1952,corn,75715719.1516
287,United States,USA,1952,wheat,35555417.82
288,Canada,CAN,1951,corn,403800.0
289,Canada,CAN,1951,wheat,15068600.0
290,United States,USA,1951,corn,66778154.524399996
291,United States,USA,1951,wheat,26893295.6955
292,Canada,CAN,1950,corn,357900.0
293,Canada,CAN,1950,wheat,12696650.0
294,United States,USA,1950,corn,70210720.2852
295,United States,USA,1950,wheat,27741956.632
296,Canada,CAN,1949,corn,355000.0
297,Canada,CAN,1949,wheat,9962000.0
298,United States,USA,1949,corn,74837167.84719999
299,United States,USA,1949,wheat,29893913.4325
300,Canada,CAN,1948,corn,322500.0
301,Canada,CAN,1948,wheat,10380750.0
302,United States,USA,1948,corn,84002733.64559999
303,United States,USA,1948,wheat,35241650.3205
304,Canada,CAN,1947,corn,175400.0
305,Canada,CAN,1947,wheat,9211550.0
306,United States,USA,1947,corn,53553857.984
307,United States,USA,1947,wheat,36983442.3205
308,Canada,CAN,1946,corn,279800.0
309,Canada,CAN,1946,wheat,11200950.0
310,United States,USA,1946,corn,74072159.9068
311,United States,USA,1946,wheat,31355467.429
312,Canada,CAN,1945,corn,269800.0
313,Canada,CAN,1945,wheat,8609550.0
314,United States,USA,1945,corn,65470297.53879999
315,United States,USA,1945,wheat,30144513.7565
316,Canada,CAN,1944,corn,303800.0
317,Canada,CAN,1944,wheat,11291450.0
318,United States,USA,1944,corn,71164306.73439999
319,United States,USA,1944,wheat,28851450.9205
320,Canada,CAN,1943,corn,203300.0
321,Canada,CAN,1943,wheat,7711450.0
322,United States,USA,1943,corn,67782848.188
323,United States,USA,1943,wheat,22964792.7015
324,Canada,CAN,1942,corn,373100.0
325,Canada,CAN,1942,wheat,15134600.0
326,United States,USA,1942,corn,71169564.7828
327,United States,USA,1942,wheat,26382188.6055
328,Canada,CAN,1941,corn,347700.0
329,Canada,CAN,1941,wheat,8563850.0
330,United States,USA,1941,corn,61329800.334
331,United States,USA,1941,wheat,25636184.535
332,Canada,CAN,1940,corn,177000.0
333,Canada,CAN,1940,wheat,14700800.0
334,United States,USA,1940,corn,56057451.0584
335,United States,USA,1940,wheat,22170998.213
336,Canada,CAN,1939,corn,206000.0
337,Canada,CAN,1939,wheat,14169400.0
338,United States,USA,1939,corn,59479500.722399995
339,United States,USA,1939,wheat,20172400.755
340,Canada,CAN,1938,corn,195000.0
341,Canada,CAN,1938,wheat,9797150.0
342,United States,USA,1938,corn,58425173.114
343,United States,USA,1938,wheat,25035892.2515
344,Canada,CAN,1937,corn,138000.0
345,Canada,CAN,1937,wheat,4904500.0
346,United States,USA,1937,corn,59678214.309999995
347,United States,USA,1937,wheat,23784006.467
348,Canada,CAN,1936,corn,155000.0
349,Canada,CAN,1936,wheat,5966950.0
350,United States,USA,1936,corn,31971804.6076
351,United States,USA,1936,wheat,17142499.14
352,Canada,CAN,1935,corn,197000.0
353,Canada,CAN,1935,wheat,7673600.0
354,United States,USA,1935,corn,50837123.4404
355,United States,USA,1935,wheat,17097511.9185
356,Canada,CAN,1934,corn,173000.0
357,Canada,CAN,1934,wheat,7507950.0
358,United States,USA,1934,corn,29128419.6808
359,United States,USA,1934,wheat,14316768.206
360,Canada,CAN,1933,corn,128000.0
361,Canada,CAN,1933,wheat,7672150.0
362,United States,USA,1933,corn,53462540.669999994
363,United States,USA,1933,wheat,15028807.3325
364,Canada,CAN,1932,corn,128000.0
365,Canada,CAN,1932,wheat,12058550.0
366,United States,USA,1932,corn,65501693.422
367,United States,USA,1932,wheat,20583273.1585
368,Canada,CAN,1931,corn,138600.0
369,Canada,CAN,1931,wheat,8745350.0
370,United States,USA,1931,corn,56642212.0836
371,United States,USA,1931,wheat,25624481.87
372,Canada,CAN,1930,corn,148200.0
373,Canada,CAN,1930,wheat,11449000.0
374,United States,USA,1930,corn,44637452.5564
375,United States,USA,1930,wheat,24127139.491
376,Canada,CAN,1929,corn,131600.0
377,Canada,CAN,1929,wheat,8224050.0
378,United States,USA,1929,corn,54232527.2456
379,United States,USA,1929,wheat,22430552.4365
380,Canada,CAN,1928,corn,132900.0
381,Canada,CAN,1928,wheat,15423950.0
382,United States,USA,1928,corn,57431859.18799999
383,United States,USA,1928,wheat,24885118.3815
384,Canada,CAN,1927,corn,108000.0
385,Canada,CAN,1927,wheat,13054850.0
386,United States,USA,1927,corn,56344662.4268
387,United States,USA,1927,wheat,23815168.2145
388,Canada,CAN,1926,corn,198500.0
389,Canada,CAN,1926,wheat,11080950.0
390,United States,USA,1926,corn,54363826.0484
391,United States,USA,1926,wheat,22649092.9015
392,Canada,CAN,1925,corn,268000.0
393,Canada,CAN,1925,wheat,10762900.0
394,United States,USA,1925,corn,60512973.945599996
395,United States,USA,1925,wheat,18199004.85
396,Canada,CAN,1924,corn,304800.0
397,Canada,CAN,1924,wheat,7132200.0
398,United States,USA,1924,corn,47249076.9344
399,United States,USA,1924,wheat,22905027.4635
400,Canada,CAN,1923,corn,346000.0
401,Canada,CAN,1923,wheat,12905350.0
402,United States,USA,1923,corn,61713510.8612
403,United States,USA,1923,wheat,20669682.371
404,Canada,CAN,1922,corn,350900.0
405,Canada,CAN,1922,wheat,10879150.0
406,United States,USA,1922,corn,56631873.7952
407,United States,USA,1922,wheat,23041975.8595
408,Canada,CAN,1921,corn,378600.0
409,Canada,CAN,1921,wheat,8189050.0
410,United States,USA,1921,corn,64948937.9088
411,United States,USA,1921,wheat,22288514.742
412,Canada,CAN,1920,corn,364100.0
413,Canada,CAN,1920,wheat,7162350.0
414,United States,USA,1920,corn,68458393.102
415,United States,USA,1920,wheat,22950205.1935
416,Canada,CAN,1919,corn,430400.0
417,Canada,CAN,1919,wheat,5259700.0
418,United States,USA,1919,corn,59486308.243999995
419,United States,USA,1919,wheat,25911795.903500002
420,Canada,CAN,1918,corn,361200.0
421,Canada,CAN,1918,wheat,5145600.0
422,United States,USA,1918,corn,62010654.098799996
423,United States,USA,1918,wheat,24606350.015
424,Canada,CAN,1917,corn,196800.0
425,Canada,CAN,1917,wheat,6360900.0
426,United States,USA,1917,corn,73872836.69039999
427,United States,USA,1917,wheat,16867894.745
428,Canada,CAN,1916,corn,159200.0
429,Canada,CAN,1916,wheat,7150950.0
430,United States,USA,1916,corn,61603142.647199996
431,United States,USA,1916,wheat,17270194.266
432,Canada,CAN,1915,corn,364900.0
433,Canada,CAN,1915,wheat,10711050.0
434,United States,USA,1915,corn,71861112.45279999
435,United States,USA,1915,wheat,27450560.2735
436,Canada,CAN,1914,corn,354100.0
437,Canada,CAN,1914,wheat,4389200.0
438,United States,USA,1914,corn,64106278.5
439,United States,USA,1914,wheat,24425557.4485
440,Canada,CAN,1913,corn,425900.0
441,Canada,CAN,1913,wheat,6305250.0
442,United States,USA,1913,corn,57725243.048
443,United States,USA,1913,wheat,20441589.2655
444,Canada,CAN,1912,corn,430100.0
445,Canada,CAN,1912,wheat,6101350.0
446,United States,USA,1912,corn,74878724.2104
447,United States,USA,1912,wheat,19867614.3705
448,Canada,CAN,1911,corn,487400.0
449,Canada,CAN,1911,wheat,6293500.0
450,United States,USA,1911,corn,62858698.562
451,United States,USA,1911,wheat,16823696.773000002
452,Canada,CAN,1910,corn,363600.0
453,Canada,CAN,1910,wheat,3595200.0
454,United States,USA,1910,corn,72464390.95279999
455,United States,USA,1910,wheat,17022642.078
456,Canada,CAN,1909,corn,489600.0
457,Canada,CAN,1909,wheat,4537850.0
458,United States,USA,1909,corn,66326521.1884
459,United States,USA,1909,wheat,18613415.2685
460,Canada,CAN,1908,corn,580600.0
461,Canada,CAN,1908,wheat,3060250.0
462,United States,USA,1908,corn,65198326.8904
463,United States,USA,1908,wheat,17494613.279
